Workbook

Sheet Summary
B1: Run 1 | C1: Run 2 | D1: Total
A2: # Students | B2: =COUNTA(Run1_Learners!A2:A23) -> 4 | C2: =COUNTA(#REF!) -> 1 | D2: =SUM(B2:C2) -> 5
A3: # Students ideated | B3: =Summary!B2-Run1_Learners!J7 -> 4 | C3: =C2-#REF! -> #REF! | D3: =SUM(B3:C3) -> #REF! | E3: =D3/D2 -> #REF!
A4: # Students submitted | B4: =Run1_Learners!H6 -> 0 | C4: =#REF! -> #REF! | D4: =SUM(B4:C4) -> #REF! | E4: =D4/D2 -> #REF!
A5: # Graded | B5: =Run1_Groups!#REF! -> #REF! | C5: =#REF! -> #REF! | D5: =SUM(B5:C5) -> #REF! | E5: =D5/D2 -> #REF!
A6: # Groups | B6: =COUNTA(Run1_Groups!A2:A64) -> 16 | C6: =COUNTA(#REF!) -> 1 | D6: =SUM(B6:C6) -> 17
A7: # Groups ideated | B7: =Run1_Groups!#REF! -> #REF! | C7: =#REF! -> #REF! | D7: =SUM(B7:C7) -> #REF! | E7: =D7/D6 -> #REF!
A8: # Groups submitted | B8: =Run1_Groups!#REF! -> #REF! | C8: =#REF! -> #REF! | D8: =SUM(B8:C8) -> #REF! | E8: =D8/D6 -> #REF!

Sheet Run1_Groups
B1: Member 1 (Leader) | C1: Member 1 Email | D1: Member 2 | E1: Member 2 Email | F1: Member 3 | G1: Member 3 Email | H1: Member 4 | I1: Member 4 Email | J1: Proposal Idea | K1: Idea Description | L1: Status | M1: #Members | N1: Website URL | O1: Credentials | P1: Launchpad URL | Q1: Remarks | R1: Graded
A2: 1 | B2: Ivan | C2: ivan_chew@tech.gov.sg | J2: ChattingCustoms | K2: Traders and officer portal 1. Provide common help and advice to novice traders or self service traders on procedure and necessary docs to provide. 2. Portal based on query will determine the types of traders and provide advice accordingly. For example if this a novice trader or a advanced trader. When determine the role of the person query, return results accordingly. e.g Novice trader question: how to import product bought from Taobao? Can I do it myself e.g.Advance Trader question: What is the HS code for fruits? 4. For officer need to login. For the chat bot response to query can pull from internet plus rag information on Cusstoms office protocols that are confidential. Rag information will be fictitious. 5. Portal will assess threat based on query e.g Which HS code need licence for guns | L2: Unknown | M2: 1 | R2: =SUMPRODUCT(IF(Q2<>"",1,0),M2) -> 0
A3: =+A2+1 -> 2 | B3: Anna | C3: anna_choo@nea.gov.sg | J3: Hybrid OCR + ChatGPT pipeline | K3: 1) Integrates OCR engine with ChatGPT, 2) Extracted text is then passed into ChatGPT, which performs higher-level processing such as summarization and contextual interpretation, 3) Pass the info into RAG, 4) Through RAG it can return dashboard | L3: Unknown | M3: =IF(B3="",0,1)+IF(D3="",0,1)+IF(F3="",0,1) -> 1 | N3: https://github.com/chooxyanna/AI_bootcamp_capstone.git | R3: =SUMPRODUCT(IF(Q3<>"",1,0),M3) -> 0
A4: =+A3+1 -> 3 | B4: Tan Pengru | C4: tan_pengru@ssg.gov.sg | J4: AI-Research Assistant | K4: A research repository to: 1) upload and summarize research findings 2) search open-access databases and provide summary | L4: Unknown | M4: =IF(B4="",0,1)+IF(D4="",0,1)+IF(F4="",0,1) -> 1 | N4: https://ai-researchassistant.streamlit.app/ | O4: skillsfuture | R4: =SUMPRODUCT(IF(Q4<>"",1,0),M4) -> 0
A5: =+A4+1 -> 4 | B5: Daniel Liu | C5: lwgdaniel@gmail.com | J5: GST Voucher Chatbot | K5: Helps case officers handling the GST Voucher scheme to generate replies using the official GST Voucher FAQ | L5: seeking approval for idea? | M5: =IF(B5="",0,1)+IF(D5="",0,1)+IF(F5="",0,1) -> 1 | R5: =SUMPRODUCT(IF(Q5<>"",1,0),M5) -> 0
A6: =+A5+1 -> 5 | L6: Unknown | M6: =IF(B6="",0,1)+IF(D6="",0,1)+IF(F6="",0,1) -> 0 | R6: =SUMPRODUCT(IF(Q6<>"",1,0),M6) -> 0
A7: =+A6+1 -> 6 | B7: Eliyana | C7: eliyana_johnson_salim@tech.gov.sg | D7: chong wee kim | E7: chong_Wee_kim@mti.gov.sg | F7: Gerard Tay | G7: gerard_tay@pa.gov.sg | H7: Amanda Soh | I7: amanda_soh@moe.gov.sg | J7: Tender Evaluation Bot | K7: OCR + Data Visualisation + Data Analysis + Insights + Report Generation | L7: Unknown | M7: =IF(B7="",0,1)+IF(D7="",0,1)+IF(F7="",0,1) -> 3 | R7: =SUMPRODUCT(IF(Q7<>"",1,0),M7) -> 0
A8: =+A7+1 -> 7 | B8: Lua Bee Ling | C8: lua_bee_ling@htx.gov.sg | J8: Contract Management Assistant | K8: A contract management assistant to pull from RAG information on contract document that are confidential. RAG information will be fictitious. 1) Extract the specific clause such as LD clause, termination clauses, SLA. 2) Summarise a list of action required by supplier, customer, authority. 3) Depending on the query, the assistant will provide advice accordingly if the information could be found in RAG information. | L8: Unknown | M8: =IF(B8="",0,1)+IF(D8="",0,1)+IF(F8="",0,1) -> 1 | R8: =SUMPRODUCT(IF(Q8<>"",1,0),M8) -> 0
A9: =+A8+1 -> 8 | B9: Debbie Chia | C9: debbie_chia@htx.gov.sg | J9: Receipt Verification System | K9: For users to upload receipts to track preferred vendors, items. Also to allow user query on claims guidelines. | L9: Unknown | M9: =IF(B9="",0,1)+IF(D9="",0,1)+IF(F9="",0,1) -> 1 | R9: =SUMPRODUCT(IF(Q9<>"",1,0),M9) -> 0
A10: =+A9+1 -> 9 | B10: Ng Chee Wah | C10: ng_chee_wah@htx.gov.sg | J10: ITSM RAG Bot | K10: Based on past ITSM tickets, proposed possible solutions based on user query | L10: Unknown | M10: =IF(B10="",0,1)+IF(D10="",0,1)+IF(F10="",0,1) -> 1 | R10: =SUMPRODUCT(IF(Q10<>"",1,0),M10) -> 0
A11: =+A10+1 -> 10 | B11: Alex Chan | C11: alex_ky_chan@bca.gov.sg | J11: AI Fact Checker & Document Chatbot | K11: As the volume of digital content grows, ensuring accuracy and consistency has become increasingly challenging. AI fact-checkers and chatbots are essential tools for managing and verifying information within documents. \n In this application, we integrate both functionalities to provide a comprehensive solution for document handling: - **Document AI fact-checker** can quickly evaulate the documents for misinformation, verify claims, and highlight discrepancies - **Document Chatbot** allows users to interact with documents more efficiently by answering questions, summarizing content, and clarifying complex points. Together, they enhance reliability, streamline workflows, and support informed decision-making across academic, professional, and corporate settings. | L11: Unknown | M11: =IF(B11="",0,1)+IF(D11="",0,1)+IF(F11="",0,1) -> 1 | R11: =SUMPRODUCT(IF(Q11<>"",1,0),M11) -> 0
A12: =+A11+1 -> 11 | L12: Unknown | M12: =IF(B12="",0,1)+IF(D12="",0,1)+IF(F12="",0,1) -> 0 | R12: =SUMPRODUCT(IF(Q12<>"",1,0),M12) -> 0
A13: =+A12+1 -> 12 | L13: Unknown | M13: =IF(B13="",0,1)+IF(D13="",0,1)+IF(F13="",0,1) -> 0 | R13: =SUMPRODUCT(IF(Q13<>"",1,0),M13) -> 0
A14: =+A13+1 -> 13 | L14: Unknown | M14: =IF(B14="",0,1)+IF(D14="",0,1)+IF(F14="",0,1) -> 0 | R14: =SUMPRODUCT(IF(Q14<>"",1,0),M14) -> 0
A15: =+A14+1 -> 14 | L15: Unknown | M15: =IF(B15="",0,1)+IF(D15="",0,1)+IF(F15="",0,1) -> 0 | R15: =SUMPRODUCT(IF(Q15<>"",1,0),M15) -> 0
A16: =+A15+1 -> 15 | L16: Unknown | M16: =IF(B16="",0,1)+IF(D16="",0,1)+IF(F16="",0,1) -> 0 | R16: =SUMPRODUCT(IF(Q16<>"",1,0),M16) -> 0
A17: =+A16+1 -> 16 | L17: Unknown | M17: =IF(B17="",0,1)+IF(D17="",0,1)+IF(F17="",0,1) -> 0 | R17: =SUMPRODUCT(IF(Q17<>"",1,0),M17) -> 0
M20: =SUM(M2:M17) -> 11

Sheet Run1_Learners
A1: No. | B1: Student ID | C1: Name | D1: Work (Company) email address | E1: Organisation | F1: Ideated in Run 1 | G1: Ideated in Run 2 | H1: Submitted
A2: 1 | F2: =COUNTIF(Run1_Groups!$C$2:$C$108,"="&D2)+COUNTIF(Run1_Groups!$E$2:$E$108,"="&D2)+COUNTIF(Run1_Groups!$G$2:$G$108,"="&D2) -> 310 | G2: =COUNTIF(#REF!,"="&D2)+COUNTIF(#REF!,"="&D2)+COUNTIF(#REF!,"="&D2)+COUNTIF(#REF!,"="&D2) -> #REF! | H2: =IF( OR( IFERROR(VLOOKUP(D2,Run1_Groups!$C$2:$L$17,8,FALSE)="Submitted",0), IFERROR(VLOOKUP(D2,Run1_Groups!$E$2:$L$17,6,FALSE)="Submitted",0), IFERROR(VLOOKUP(D2,Run1_Groups!$G$2:$L$17,4,FALSE)="Submitted",0), IFERROR(VLOOKUP(D2,#REF!,10,FALSE)="Submitted",0), IFERROR(VLOOKUP(D2,#REF!,8,FALSE)="Submitted",0), IFERROR(VLOOKUP(D2,#REF!,6,FALSE)="Submitted",0), IFERROR(VLOOKUP(D2,#REF!,4,FALSE)="Submitted",0) ), 1,0) -> 0 | J2: =SUM(F2:G2) -> #REF!
A3: 2 | F3: =COUNTIF(Run1_Groups!$C$2:$C$108,"="&D3)+COUNTIF(Run1_Groups!$E$2:$E$108,"="&D3)+COUNTIF(Run1_Groups!$G$2:$G$108,"="&D3) -> 310 | G3: =COUNTIF(#REF!,"="&D3)+COUNTIF(#REF!,"="&D3)+COUNTIF(#REF!,"="&D3)+COUNTIF(#REF!,"="&D3) -> #REF! | H3: =IF( OR( IFERROR(VLOOKUP(D3,Run1_Groups!$C$2:$L$17,8,FALSE)="Submitted",0), IFERROR(VLOOKUP(D3,Run1_Groups!$E$2:$L$17,6,FALSE)="Submitted",0), IFERROR(VLOOKUP(D3,Run1_Groups!$G$2:$L$17,4,FALSE)="Submitted",0), IFERROR(VLOOKUP(D3,#REF!,10,FALSE)="Submitted",0), IFERROR(VLOOKUP(D3,#REF!,8,FALSE)="Submitted",0), IFERROR(VLOOKUP(D3,#REF!,6,FALSE)="Submitted",0), IFERROR(VLOOKUP(D3,#REF!,4,FALSE)="Submitted",0) ), 1,0) -> 0 | J3: =SUM(F3:G3) -> #REF!
A4: 3 | F4: =COUNTIF(Run1_Groups!$C$2:$C$108,"="&D4)+COUNTIF(Run1_Groups!$E$2:$E$108,"="&D4)+COUNTIF(Run1_Groups!$G$2:$G$108,"="&D4) -> 310 | G4: =COUNTIF(#REF!,"="&D4)+COUNTIF(#REF!,"="&D4)+COUNTIF(#REF!,"="&D4)+COUNTIF(#REF!,"="&D4) -> #REF! | H4: =IF( OR( IFERROR(VLOOKUP(D4,Run1_Groups!$C$2:$L$17,8,FALSE)="Submitted",0), IFERROR(VLOOKUP(D4,Run1_Groups!$E$2:$L$17,6,FALSE)="Submitted",0), IFERROR(VLOOKUP(D4,Run1_Groups!$G$2:$L$17,4,FALSE)="Submitted",0), IFERROR(VLOOKUP(D4,#REF!,10,FALSE)="Submitted",0), IFERROR(VLOOKUP(D4,#REF!,8,FALSE)="Submitted",0), IFERROR(VLOOKUP(D4,#REF!,6,FALSE)="Submitted",0), IFERROR(VLOOKUP(D4,#REF!,4,FALSE)="Submitted",0) ), 1,0) -> 0 | J4: =SUM(F4:G4) -> #REF!
A5: 4 | F5: =COUNTIF(Run1_Groups!$C$2:$C$108,"="&D5)+COUNTIF(Run1_Groups!$E$2:$E$108,"="&D5)+COUNTIF(Run1_Groups!$G$2:$G$108,"="&D5) -> 310 | G5: =COUNTIF(#REF!,"="&D5)+COUNTIF(#REF!,"="&D5)+COUNTIF(#REF!,"="&D5)+COUNTIF(#REF!,"="&D5) -> #REF! | H5: =IF( OR( IFERROR(VLOOKUP(D5,Run1_Groups!$C$2:$L$17,8,FALSE)="Submitted",0), IFERROR(VLOOKUP(D5,Run1_Groups!$E$2:$L$17,6,FALSE)="Submitted",0), IFERROR(VLOOKUP(D5,Run1_Groups!$G$2:$L$17,4,FALSE)="Submitted",0), IFERROR(VLOOKUP(D5,#REF!,10,FALSE)="Submitted",0), IFERROR(VLOOKUP(D5,#REF!,8,FALSE)="Submitted",0), IFERROR(VLOOKUP(D5,#REF!,6,FALSE)="Submitted",0), IFERROR(VLOOKUP(D5,#REF!,4,FALSE)="Submitted",0) ), 1,0) -> 0 | J5: =SUM(F5:G5) -> #REF!
F6: =SUM(F2:F5) -> 1240 | G6: =SUM(G2:G5) -> #REF! | H6: =SUM(H2:H5) -> 0
I7: Not ideated -> | J7: =COUNTIF(J2:J5,"=0") -> 0
